line	fmt	consumer	version	container	expect	sfx_runtime	sfx_dev
debian	deb	apt	trixie	debian:trixie	-6 -6-dev -common-dev -doc	-6	-6-dev
debian	deb	apt	forky	debian:forky	-6 -6-dev -common-dev -doc	-6	-6-dev
debian	deb	apt	sid	debian:sid	-6 -6-dev -common-dev -doc	-6	-6-dev
ubuntu	deb	apt	resolute	ubuntu:resolute	-6 -6-dev -common-dev -doc	-6	-6-dev
ubuntu	deb	apt	stonking	ubuntu:stonking	-6 -6-dev -common-dev -doc	-6	-6-dev
fedora	rpm	dnf	44	fedora:44	-6 -6-devel -common-devel -doc	-6	-6-devel
fedora	rpm	dnf	45	fedora:45	-6 -6-devel -common-devel -doc	-6	-6-devel
fedora	rpm	dnf	rawhide	fedora:rawhide	-6 -6-devel -common-devel -doc	-6	-6-devel
rocky	rpm	dnf	10	rockylinux/rockylinux:10	-6 -6-devel -common-devel -doc	-6	-6-devel
alma	rpm	dnf	10	almalinux:10	-6 -6-devel -common-devel -doc	-6	-6-devel
arch	pac	pacman	rolling	archlinux:base	-6	-6	-6
manjaro	pac	pacman	rolling	manjarolinux/base:latest	-6	-6	-6
